{
    "swarnapavithra": 9.733333333333334,
    "raahulsingz": 9.828888888888889,
    "_iamsridhar_": 9.437777777777779,
    "arts_of_kaviya1": 9.94,
    "harshusings": 9.533333333333333,
    "_": 9.633333333333333,
    "shyam_ezio": 9.744444444444444,
    "future_funks": 9.655555555555557,
    "illusion": 9.73777777777778,
    "rdbharathyo": 9.644444444444446,
    "shah_enshah_": 9.366666666666667,
    "shashankpanda": 9.673,
    "elcmusings": 8.717,
    "ravivarma": 9.887,
    "rohith_bfab": 9.465,
    "aprah_s": 9.407,
    "visveshwarn": 9.73,
    "ssn_film_club": 8.76,
    "kiruthisihtin": 8.787,
    "__i__am__sridhar__": 8.882,
    "fernandezsavio": 8.875,
    "navalarasan_5": 8.714,
    "trance_pes": 9.432,
    "paaldabba": 8.621,
    "k": 9.211,
    "praveen_zero6": 9.579,
    "meghna_govind": 9.023,
    "arudhra_ssncdt": 9.094,
    "ssnsnucinstincts": 9.319,
    "kurian__john": 9.85,
    "gen_w_official": 9.851,
    "sarveshmombo": 9.342,
    "jstreetscrew": 9.243,
    "masalacoffeeband": 9.865,
    "sampath": 9.878,
    "onslaught_crew": 9.59,
    "arrahman": 9.723,
    "krshnakrthikeyan": 9.899,
    "ssnmusicclub": 8.785,
    "ssngamingclub": 9.077,
    "drums_bishwanth": 9.853,
    "haribarichickencurry": 8.755,
    "ukeg1rl": 9.074,
    "velu_kumar_": 9.511,
    "pradeepg_2101": 9.461,
    "druminem": 9.873,
    "hsj": 8.676,
    "gaya3_narayana": 9.534,
    "vengayo__": 9.852,
    "pravin": 9.13,
    "divzzzo": 9.387,
    "gunit_dancecrew": 8.693,
    "medanishsharma_": 9.089,
    "120db": 9.571,
    "harithasings19": 8.578,
    "babstfu": 9.68,
    "ravichander_alphonse": 8.886,
    "vnx_23710": 9.611,
    "khildrums": 8.887,
    "vian": 9.541,
    "name_isvikky": 9.194,
    "_miss": 9.592,
    "ssn_snuc_talents": 8.619,
    "battle_yaa_skills": 9.553,
    "karan_bfab": 8.678,
    "anirhudhmusic": 9.126,
    "rogiithebassy": 9.211,
    "ssnlightsoutplease": 9.613,
    "n2k_ssn": 9.771,
    "enigma": 9.82,
    "qfactorialthessnquizclub": 8.619,
    "ssn_photography_club": 8.769,
    "insiders_sastra": 8.892,
    "sukebhargav": 9.556,
    "snuc_isai": 9.289,
    "kshanmugaaofficial": 8.912,
    "thaikkudambridge": 9.637,
    "manivaidhy": 9.017,
    "bfab_dance_crew": 8.525,
    "soorya_3012": 9.47,
    "insync_mcc": 9.664
}