{
    "enigma": 9732.8,
    "soorya_3012": 1285.888888888889,
    "ssngamingclub": 304.0833333333333,
    "elcmusings": 175.66666666666666,
    "druminem": 243329.66666666666,
    "anirhudhmusic": 753.5,
    "ssnlightsoutplease": 316.8333333333333,
    "sarveshmombo": 1187.4166666666667,
    "ssn_snuc_talents": 611.5833333333334,
    "gen_w_official": 328341.0,
    "ravivarma": 39151.0,
    "arts_of_kaviya1": 329.08333333333337,
    "harithasings19": 868.1666666666667,
    "kurian__john": 694.6666666666666,
    "sukebhargav": 1100.0,
    "qfactorialthessnquizclub": 172.91666666666666,
    "haribarichickencurry": 807.5,
    "kiruthisihtin": 325.0833333333333,
    "battle_yaa_skills": 4383.916666666667,
    "future_funks": 1755.9166666666667,
    "meghna_govind": 1669.8333333333335,
    "insync_mcc": 84723.33333333333,
    "snuc_isai": 990.9166666666666,
    "gunit_dancecrew": 2626.1666666666665,
    "rogiithebassy": 694.4166666666667,
    "shashankpanda": 542.75,
    "thaikkudambridge": 2939.4166666666665,
    "drums_bishwanth": 1695.3333333333333,
    "kshanmugaaofficial": 1470.4166666666667,
    "medanishsharma_": 819.4444444444445,
    "raahulsingz": 1283.7777777777778,
    "ssnmusicclub": 901.4166666666666,
    "name_isvikky": 374.6,
    "gaya3_narayana": 1647.0000000000002,
    "swarnapavithra": 1063.9166666666667,
    "rohith_bfab": 106247.58333333334,
    "divzzzo": 573.1666666666666,
    "babstfu": 485.91666666666663,
    "velu_kumar_": 9945.416666666666,
    "vian": 14564.916666666668,
    "onslaught_crew": 45998.25,
    "shah_enshah_": 308.0833333333333,
    "insiders_sastra": 2953.5,
    "khildrums": 1172.9166666666667,
    "aprah_s": 635.9166666666667,
    "n2k_ssn": 2303.3333333333335,
    "illusion": 1525.1666666666667,
    "trance_pes": 72084.41666666666,
    "harshusings": 1504.0,
    "vnx_23710": 881.0,
    "praveen_zero6": 2252.916666666667,
    "_miss": 63.166666666666664,
    "visveshwarn": 750.3333333333334,
    "shyam_ezio": 1358.0000000000002,
    "pradeepg_2101": 373.14285714285717,
    "pravin": 5168.166666666666,
    "rdbharathyo": 642.8333333333334,
    "__i__am__sridhar__": 1851.5833333333335,
    "masalacoffeeband": 8241.5,
    "ssnsnucinstincts": 2131.5,
    "ukeg1rl": 879.0833333333334,
    "sampath": 2404.4166666666665,
    "vengayo__": 18946.166666666668,
    "paaldabba": 120499.41666666667,
    "hsj": 1446.5,
    "k": 459.75,
    "_": 2986.363636363636,
    "ravichander_alphonse": 30.0,
    "karan_bfab": 798784.0833333333,
    "ssn_photography_club": 901.8333333333333,
    "manivaidhy": 3391.9166666666665,
    "fernandezsavio": 21967.25,
    "krshnakrthikeyan": 1024.9090909090908,
    "navalarasan_5": 264963.49999999994,
    "jstreetscrew": 967.7500000000001,
    "arudhra_ssncdt": 940.5,
    "arrahman": 877215.4166666666,
    "bfab_dance_crew": 8536.916666666666,
    "ssn_film_club": 645.9166666666667,
    "120db": 501.0
}