{
    "shashankpanda": 8.114035087719298,
    "shrutithiagu": 3.640350877192983,
    "man_him_he": 0.021929824561403508,
    "arshiaaa._05": 7.12719298245614,
    "aggron2002": 2.2149122807017543,
    "uzwal_arts": 3.4649122807017547,
    "14rakshana": 4.2105263157894735,
    "rohith_bfab": 9.758771929824562,
    "mahasvan.exe": 5.087719298245615,
    "kiruthisihtin": 6.425438596491229,
    "tn_59_kaaran": 9.078947368421053,
    "__i__am__sridhar__": 6.864035087719298,
    "al321bert": 0.8552631578947368,
    "vijayy.07_": 8.881578947368421,
    "vvivekvicky": 5.592105263157895,
    "shalu_shalzz__": 3.1359649122807016,
    "kaa_v_ya_": 5.679824561403509,
    "deva.s2035": 2.675438596491228,
    "samathmika_k": 8.81578947368421,
    "csp_119": 1.776315789473684,
    "shah_enshah_": 3.947368421052632,
    "navi_ram": 5.964912280701754,
    "heera_raghunath": 9.868421052631579,
    "macrina_jane": 1.7543859649122806,
    "pauleena.paul": 3.223684210526316,
    "lya_0611": 2.3684210526315788,
    "kxxnth.__": 0.5263157894736842,
    "nameissonia_": 1.5570175438596492,
    "rekshistar": 3.3991228070175437,
    "radhika_0500": 5.328947368421053,
    "sarveshmombo": 7.236842105263158,
    "masalacoffeeband": 9.93421052631579,
    "sampath": 6.184210526315789,
    "viky_pup": 9.429824561403509,
    "drums_bishwanth": 9.12280701754386,
    "sudarshan_r_surya": 3.8157894736842106,
    "pri.wav": 0.3289473684210526,
    "_achuzxx._": 5.37280701754386,
    "sp_surya14": 7.785087719298246,
    "existence_ai_virumbu": 4.5394736842105265,
    "alan_illusion": 2.741228070175439,
    "harini_vijayamuthuramalingam": 1.8421052631578947,
    "kanthi_mm93": 7.456140350877193,
    "s.w.e.t.h.z": 7.521929824561403,
    "_roshuuu_1206": 1.7105263157894737,
    "s_annu_104": 1.6228070175438596,
    "mr_smart_deepak": 7.675438596491229,
    "charan.gnanasakthi": 2.1929824561403506,
    "itz_vazaa": 2.5219298245614037,
    "iamkannan_off": 1.118421052631579,
    "mmd.akmal": 6.732456140350878,
    "vignesh_.2003": 4.100877192982456,
    "gaya3_narayana": 8.596491228070175,
    "achu____illusion": 7.609649122807017,
    "arts_of_kaviya1": 0.7236842105263158,
    "medanishsharma_": 6.820175438596491,
    "abishnaaa._": 7.280701754385966,
    "ashwin_raaghav": 5.526315789473685,
    "jawaharlalselvy": 0.2850877192982456,
    "murshi__insta": 9.385964912280702,
    "saigayathri_v": 6.293859649122807,
    "_.vini._02_": 3.7280701754385963,
    "tidaldeer35047": 4.692982456140351,
    "_emoboy_k": 9.49561403508772,
    "sukirtha.twbx": 4.780701754385965,
    "_.sanju._001": 5.701754385964913,
    "tejaswini1008": 8.947368421052632,
    "senthil.adhavan": 4.078947368421052,
    "suryavel_s": 4.583333333333333,
    "ramakrishnan.venkatesan.12": 0.24122807017543857,
    "parithi27": 6.535087719298246,
    "_.sonyissac._": 2.017543859649123,
    "sanjay_24_boss": 2.5657894736842106,
    "dhanishthasivakumar": 5.482456140350878,
    "ssnlightsoutplease": 8.223684210526315,
    "s_kaushik_ak": 1.0745614035087718,
    "praneshsrikanth": 2.8508771929824563,
    "adithya.vedhamani": 7.587719298245615,
    "qfactorialthessnquizclub": 7.916666666666666,
    "_mandy__._": 2.7850877192982453,
    "mohit_ramesh": 7.894736842105264,
    "blackndgoldr15": 5.1535087719298245,
    "ssn_photography_club": 9.298245614035087,
    "stephenraj20": 3.31140350877193,
    "khah1n1_": 3.969298245614035,
    "yours.krishhhh": 1.8640350877192982,
    "dk_vignesh": 8.267543859649123,
    "_ritu_easfhdhwar_2346": 4.451754385964913,
    "drawing_galaxy_35": 2.280701754385965,
    "prince_peniyel": 2.8289473684210527,
    "_b.e.n.n.y_75": 2.5877192982456143,
    "insiders_sastra": 9.539473684210527,
    "rohit.rahul._": 3.0482456140350878,
    "_praveen_023": 4.298245614035087,
    "artistpreethika": 1.1403508771929824,
    "shyamoosic": 4.18859649122807,
    "sukebhargav": 7.807017543859649,
    "hypeclubtoronto": 9.407894736842104,
    "_.siddharth.03._": 7.6535087719298245,
    "poovarasan_mughilan": 7.214912280701754,
    "_._jeevithaa_._": 3.1578947368421053,
    "_geetha_official_": 0.9210526315789473,
    "manoj_6_1_9": 8.070175438596491,
    "vaishuzworld": 8.508771929824562,
    "anjali_thartiparti": 1.6008771929824561,
    "tarun_tnv": 6.578947368421053,
    "ram5002nathan": 2.982456140350877,
    "vaishnav_nath": 3.9035087719298245,
    "sowmya_kailsamanikandan": 1.030701754385965,
    "shyam_ezio": 5.394736842105264,
    "itz_me_kattan": 7.763157894736842,
    "_sa.rin": 3.1140350877192984,
    "weasley3535": 2.412280701754386,
    "vignesh_071": 3.6622807017543857,
    "my_mom_s_my_world_": 3.4210526315789473,
    "vishal_._07": 6.557017543859649,
    "akil_anil_twins": 8.24561403508772,
    "sasha_the_greatness": 0.7017543859649122,
    "balxn_2": 5.197368421052632,
    "god_of_truth__": 1.6666666666666665,
    "pranav._.21": 5.833333333333334,
    "itz_simple_girl_18_": 0.6140350877192982,
    "shreya.nandagopal": 7.390350877192983,
    "aprah_s": 6.074561403508771,
    "visveshwarn": 7.324561403508771,
    "shra_van3210": 2.06140350877193,
    "lenaaraviind": 6.315789473684211,
    "prasad_.s_": 9.057017543859649,
    "_x.being_harish.x_": 6.030701754385966,
    "mariashanissa": 4.758771929824562,
    "janu_gobi_": 2.039473684210526,
    "__akash__93_": 2.4561403508771926,
    "k": 1.162280701754386,
    "monikaomg_97": 1.0526315789473684,
    "nishitha7.24": 7.9605263157894735,
    "gavin_._phillips": 6.162280701754385,
    "prashanthi_swaminathan25": 2.236842105263158,
    "shreyaa_gopikrishna": 6.907894736842105,
    "prem_ltd": 2.7631578947368425,
    "nasreen_afsana": 0.9649122807017543,
    "anushka__ghosh": 5.43859649122807,
    "b.u.v.a.n.a._.14": 0.41666666666666663,
    "_.ann_jen._": 4.8464912280701755,
    "guhanraj_palanisamy_2004": 3.0701754385964914,
    "meghna_govind": 6.842105263157895,
    "x_its_me_smiley_boy__": 1.9298245614035086,
    "____haleem_____": 4.912280701754385,
    "nithin_3.o": 9.692982456140351,
    "ssnsnucinstincts": 9.62719298245614,
    "kurian__john": 8.00438596491228,
    "hemapriya8358": 0.8333333333333333,
    "candy_abigail_xoxo_": 6.798245614035087,
    "jstreetscrew": 8.969298245614034,
    "gojosimper_147": 2.302631578947368,
    "___.shalini.___": 9.25438596491228,
    "say.heena": 3.333333333333333,
    "onslaught_crew": 9.517543859649123,
    "drshristi_": 5.635964912280702,
    "krshnakrthikeyan": 7.93859649122807,
    "avanthika_d": 5.899122807017544,
    "ssnmusicclub": 9.232456140350877,
    "chrysolite_daffini": 3.245614035087719,
    "haribarichickencurry": 8.179824561403509,
    "_mithzz": 5.350877192982456,
    "ghuganram": 2.324561403508772,
    "im_rj_santhoshi": 8.31140350877193,
    "shrinath___003": 3.574561403508772,
    "arctic__monkey11": 3.859649122807017,
    "surabhibhura": 8.771929824561402,
    "velu_kumar_": 9.736842105263158,
    "hsj": 1.1842105263157894,
    "_ri2v_": 8.618421052631579,
    "suganeshwar": 6.4035087719298245,
    "juixe1417_": 0.7456140350877193,
    "__soundra.meenakshi__": 4.978070175438597,
    "sanjana_suriyanarayanan": 5.7894736842105265,
    "bhuvantastic": 2.4780701754385963,
    "sharmi_1.5": 1.513157894736842,
    "jobinjoy__": 9.802631578947368,
    "i_illenthendral": 8.289473684210527,
    "_ron.13": 5.263157894736842,
    "mx.curiee._": 3.508771929824561,
    "adv_preetisharma": 7.192982456140351,
    "zodiac_sp_17": 4.62719298245614,
    "gunit_dancecrew": 8.442982456140351,
    "harshusings": 1.206140350877193,
    "madhu_vijay__": 0.8991228070175439,
    "in._.reverie": 3.1798245614035086,
    "r_square____": 6.140350877192983,
    "__coy_girl__": 6.951754385964913,
    "khildrums": 9.364035087719298,
    "vian": 1.2280701754385963,
    "madhu_d311": 3.530701754385965,
    "purfexx": 4.385964912280701,
    "meenaananth11": 2.8728070175438596,
    "prasanna_msd_28": 7.302631578947368,
    "ft.apxrna29": 7.631578947368421,
    "anirhudhmusic": 5.416666666666666,